1	jpn 1	vie 1	note 1
2	jpn 2	vie 2	note 2
3	jpn 3	vie 3	note 3
4	jpn 4	vie 4	note 4
5	jpn 5	vie 5	note 5
6	jpn 6	vie 6	note 6
7	jpn 7	vie 7	note 7
8	jpn 8	vie 8	note 8
9	jpn 9	vie 9	note 9
10	jpn 10	vie 10	note 10
11	jpn 11	vie 11	note 11
12	jpn 12	vie 12	note 12
13	jpn 13	vie 13	note 13
14	jpn 14	vie 14	note 14
15	jpn 15	vie 15	note 15
16	jpn 16	vie 16	note 16
17	jpn 17	vie 17	note 17
18	jpn 18	vie 18	note 18
19	jpn 19	vie 19	note 19
20	jpn 20	vie 20	note 20
21	jpn 21	vie 21	note 21
22	jpn 22	vie 22	note 22
23	jpn 23	vie 23	note 23
24	jpn 24	vie 24	note 24
25	jpn 25	vie 25	note 25
26	jpn 26	vie 26	note 26
27	jpn 27	vie 27	note 27
28	jpn 28	vie 28	note 28
29	jpn 29	vie 29	note 29
30	jpn 30	vie 30	note 30
31	jpn 31	vie 31	note 31
32	jpn 32	vie 32	note 32
33	jpn 33	vie 33	note 33
34	jpn 34	vie 34	note 34
35	jpn 35	vie 35	note 35
36	jpn 36	vie 36	note 36
37	jpn 37	vie 37	note 37
38	jpn 38	vie 38	note 38
39	jpn 39	vie 39	note 39
40	jpn 40	vie 40	note 40
41	jpn 41	vie 41	note 41
42	jpn 42	vie 42	note 42
43	jpn 43	vie 43	note 43
44	jpn 44	vie 44	note 44
45	jpn 45	vie 45	note 45
46	jpn 46	vie 46	note 46
47	jpn 47	vie 47	note 47
48	jpn 48	vie 48	note 48
49	jpn 49	vie 49	note 49
50	jpn 50	vie 50	note 50
51	jpn 51	vie 51	note 51
52	jpn 52	vie 52	note 52
53	jpn 53	vie 53	note 53
54	jpn 54	vie 54	note 54
55	jpn 55	vie 55	note 55
56	jpn 56	vie 56	note 56
57	jpn 57	vie 57	note 57
58	jpn 58	vie 58	note 58
59	jpn 59	vie 59	note 59
60	jpn 60	vie 60	note 60
61	jpn 61	vie 61	note 61
62	jpn 62	vie 62	note 62
63	jpn 63	vie 63	note 63
64	jpn 64	vie 64	note 64
65	jpn 65	vie 65	note 65
66	jpn 66	vie 66	note 66
67	jpn 67	vie 67	note 67
68	jpn 68	vie 68	note 68
69	jpn 69	vie 69	note 69
70	jpn 70	vie 70	note 70
71	jpn 71	vie 71	note 71
72	jpn 72	vie 72	note 72
73	jpn 73	vie 73	note 73
74	jpn 74	vie 74	note 74
75	jpn 75	vie 75	note 75
76	jpn 76	vie 76	note 76
77	jpn 77	vie 77	note 77
78	jpn 78	vie 78	note 78
79	jpn 79	vie 79	note 79
80	jpn 80	vie 80	note 80
81	jpn 81	vie 81	note 81
82	jpn 82	vie 82	note 82
83	jpn 83	vie 83	note 83
84	jpn 84	vie 84	note 84
85	jpn 85	vie 85	note 85
86	jpn 86	vie 86	note 86
87	jpn 87	vie 87	note 87
88	jpn 88	vie 88	note 88
89	jpn 89	vie 89	note 89
90	jpn 90	vie 90	note 90
91	jpn 91	vie 91	note 91
92	jpn 92	vie 92	note 92
93	jpn 93	vie 93	note 93
94	jpn 94	vie 94	note 94
95	jpn 95	vie 95	note 95
96	jpn 96	vie 96	note 96
97	jpn 97	vie 97	note 97
98	jpn 98	vie 98	note 98
99	jpn 99	vie 99	note 99
100	jpn 100	vie 100	note 100
101	jpn 101	vie 101	note 101
102	jpn 102	vie 102	note 102
103	jpn 103	vie 103	note 103
104	jpn 104	vie 104	note 104
105	jpn 105	vie 105	note 105
106	jpn 106	vie 106	note 106
107	jpn 107	vie 107	note 107
108	jpn 108	vie 108	note 108
109	jpn 109	vie 109	note 109
110	jpn 110	vie 110	note 110
111	jpn 111	vie 111	note 111
112	jpn 112	vie 112	note 112
113	jpn 113	vie 113	note 113
114	jpn 114	vie 114	note 114
115	jpn 115	vie 115	note 115
116	jpn 116	vie 116	note 116
117	jpn 117	vie 117	note 117
118	jpn 118	vie 118	note 118
119	jpn 119	vie 119	note 119
120	jpn 120	vie 120	note 120
121	jpn 121	vie 121	note 121
122	jpn 122	vie 122	note 122
123	jpn 123	vie 123	note 123
124	jpn 124	vie 124	note 124
125	jpn 125	vie 125	note 125
126	jpn 126	vie 126	note 126
127	jpn 127	vie 127	note 127
128	jpn 128	vie 128	note 128
129	jpn 129	vie 129	note 129
130	jpn 130	vie 130	note 130
131	jpn 131	vie 131	note 131
132	jpn 132	vie 132	note 132
133	jpn 133	vie 133	note 133
134	jpn 134	vie 134	note 134
135	jpn 135	vie 135	note 135
136	jpn 136	vie 136	note 136
137	jpn 137	vie 137	note 137
138	jpn 138	vie 138	note 138
139	jpn 139	vie 139	note 139
140	jpn 140	vie 140	note 140
141	jpn 141	vie 141	note 141
142	jpn 142	vie 142	note 142
143	jpn 143	vie 143	note 143
144	jpn 144	vie 144	note 144
145	jpn 145	vie 145	note 145
146	jpn 146	vie 146	note 146
147	jpn 147	vie 147	note 147
148	jpn 148	vie 148	note 148
149	jpn 149	vie 149	note 149
150	jpn 150	vie 150	note 150
151	jpn 151	vie 151	note 151
152	jpn 152	vie 152	note 152
153	jpn 153	vie 153	note 153
154	jpn 154	vie 154	note 154
155	jpn 155	vie 155	note 155
156	jpn 156	vie 156	note 156
157	jpn 157	vie 157	note 157
158	jpn 158	vie 158	note 158
159	jpn 159	vie 159	note 159
160	jpn 160	vie 160	note 160
161	jpn 161	vie 161	note 161
162	jpn 162	vie 162	note 162
163	jpn 163	vie 163	note 163
164	jpn 164	vie 164	note 164
165	jpn 165	vie 165	note 165
166	jpn 166	vie 166	note 166
167	jpn 167	vie 167	note 167
168	jpn 168	vie 168	note 168
169	jpn 169	vie 169	note 169
170	jpn 170	vie 170	note 170
171	jpn 171	vie 171	note 171
172	jpn 172	vie 172	note 172
173	jpn 173	vie 173	note 173
174	jpn 174	vie 174	note 174
175	jpn 175	vie 175	note 175
176	jpn 176	vie 176	note 176
177	jpn 177	vie 177	note 177
178	jpn 178	vie 178	note 178
179	jpn 179	vie 179	note 179
180	jpn 180	vie 180	note 180
181	jpn 181	vie 181	note 181
182	jpn 182	vie 182	note 182
183	jpn 183	vie 183	note 183
184	jpn 184	vie 184	note 184
185	jpn 185	vie 185	note 185
186	jpn 186	vie 186	note 186
187	jpn 187	vie 187	note 187
188	jpn 188	vie 188	note 188
189	jpn 189	vie 189	note 189
190	jpn 190	vie 190	note 190
191	jpn 191	vie 191	note 191
192	jpn 192	vie 192	note 192
193	jpn 193	vie 193	note 193
194	jpn 194	vie 194	note 194
195	jpn 195	vie 195	note 195
196	jpn 196	vie 196	note 196
197	jpn 197	vie 197	note 197
198	jpn 198	vie 198	note 198
199	jpn 199	vie 199	note 199
200	jpn 200	vie 200	note 200
201	jpn 201	vie 201	note 201
202	jpn 202	vie 202	note 202
203	jpn 203	vie 203	note 203
204	jpn 204	vie 204	note 204
205	jpn 205	vie 205	note 205
206	jpn 206	vie 206	note 206
207	jpn 207	vie 207	note 207
208	jpn 208	vie 208	note 208
209	jpn 209	vie 209	note 209
210	jpn 210	vie 210	note 210
211	jpn 211	vie 211	note 211
212	jpn 212	vie 212	note 212
213	jpn 213	vie 213	note 213
214	jpn 214	vie 214	note 214
215	jpn 215	vie 215	note 215
216	jpn 216	vie 216	note 216
217	jpn 217	vie 217	note 217
218	jpn 218	vie 218	note 218
219	jpn 219	vie 219	note 219
220	jpn 220	vie 220	note 220
221	jpn 221	vie 221	note 221
222	jpn 222	vie 222	note 222
223	jpn 223	vie 223	note 223
224	jpn 224	vie 224	note 224
225	jpn 225	vie 225	note 225
226	jpn 226	vie 226	note 226
227	jpn 227	vie 227	note 227
228	jpn 228	vie 228	note 228
229	jpn 229	vie 229	note 229
230	jpn 230	vie 230	note 230
231	jpn 231	vie 231	note 231
232	jpn 232	vie 232	note 232
233	jpn 233	vie 233	note 233
234	jpn 234	vie 234	note 234
235	jpn 235	vie 235	note 235
236	jpn 236	vie 236	note 236
237	jpn 237	vie 237	note 237
238	jpn 238	vie 238	note 238
239	jpn 239	vie 239	note 239
240	jpn 240	vie 240	note 240
241	jpn 241	vie 241	note 241
242	jpn 242	vie 242	note 242
243	jpn 243	vie 243	note 243
244	jpn 244	vie 244	note 244
245	jpn 245	vie 245	note 245
246	jpn 246	vie 246	note 246
247	jpn 247	vie 247	note 247
248	jpn 248	vie 248	note 248
249	jpn 249	vie 249	note 249
250	jpn 250	vie 250	note 250
251	jpn 251	vie 251	note 251
252	jpn 252	vie 252	note 252
253	jpn 253	vie 253	note 253
254	jpn 254	vie 254	note 254
255	jpn 255	vie 255	note 255
256	jpn 256	vie 256	note 256
257	jpn 257	vie 257	note 257
258	jpn 258	vie 258	note 258
259	jpn 259	vie 259	note 259
260	jpn 260	vie 260	note 260
261	jpn 261	vie 261	note 261
262	jpn 262	vie 262	note 262
263	jpn 263	vie 263	note 263
264	jpn 264	vie 264	note 264
265	jpn 265	vie 265	note 265
266	jpn 266	vie 266	note 266
267	jpn 267	vie 267	note 267
268	jpn 268	vie 268	note 268
269	jpn 269	vie 269	note 269
270	jpn 270	vie 270	note 270
271	jpn 271	vie 271	note 271
272	jpn 272	vie 272	note 272
273	jpn 273	vie 273	note 273
274	jpn 274	vie 274	note 274
275	jpn 275	vie 275	note 275
276	jpn 276	vie 276	note 276
277	jpn 277	vie 277	note 277
278	jpn 278	vie 278	note 278
279	jpn 279	vie 279	note 279
280	jpn 280	vie 280	note 280
281	jpn 281	vie 281	note 281
282	jpn 282	vie 282	note 282
283	jpn 283	vie 283	note 283
284	jpn 284	vie 284	note 284
285	jpn 285	vie 285	note 285
286	jpn 286	vie 286	note 286
287	jpn 287	vie 287	note 287
288	jpn 288	vie 288	note 288
289	jpn 289	vie 289	note 289
290	jpn 290	vie 290	note 290
291	jpn 291	vie 291	note 291
292	jpn 292	vie 292	note 292
293	jpn 293	vie 293	note 293
294	jpn 294	vie 294	note 294
295	jpn 295	vie 295	note 295
296	jpn 296	vie 296	note 296
297	jpn 297	vie 297	note 297
298	jpn 298	vie 298	note 298
299	jpn 299	vie 299	note 299
300	jpn 300	vie 300	note 300
301	jpn 301	vie 301	note 301
302	jpn 302	vie 302	note 302
303	jpn 303	vie 303	note 303
304	jpn 304	vie 304	note 304
305	jpn 305	vie 305	note 305
306	jpn 306	vie 306	note 306
307	jpn 307	vie 307	note 307
308	jpn 308	vie 308	note 308
309	jpn 309	vie 309	note 309
310	jpn 310	vie 310	note 310
311	jpn 311	vie 311	note 311
312	jpn 312	vie 312	note 312
313	jpn 313	vie 313	note 313
314	jpn 314	vie 314	note 314
315	jpn 315	vie 315	note 315
316	jpn 316	vie 316	note 316
317	jpn 317	vie 317	note 317
318	jpn 318	vie 318	note 318
319	jpn 319	vie 319	note 319
320	jpn 320	vie 320	note 320
321	jpn 321	vie 321	note 321
322	jpn 322	vie 322	note 322
323	jpn 323	vie 323	note 323
324	jpn 324	vie 324	note 324
325	jpn 325	vie 325	note 325
326	jpn 326	vie 326	note 326
327	jpn 327	vie 327	note 327
328	jpn 328	vie 328	note 328
329	jpn 329	vie 329	note 329
330	jpn 330	vie 330	note 330
331	jpn 331	vie 331	note 331
332	jpn 332	vie 332	note 332
333	jpn 333	vie 333	note 333
334	jpn 334	vie 334	note 334
335	jpn 335	vie 335	note 335
336	jpn 336	vie 336	note 336
337	jpn 337	vie 337	note 337
338	jpn 338	vie 338	note 338
339	jpn 339	vie 339	note 339
340	jpn 340	vie 340	note 340
341	jpn 341	vie 341	note 341
342	jpn 342	vie 342	note 342
343	jpn 343	vie 343	note 343
344	jpn 344	vie 344	note 344
345	jpn 345	vie 345	note 345
346	jpn 346	vie 346	note 346
347	jpn 347	vie 347	note 347
348	jpn 348	vie 348	note 348
349	jpn 349	vie 349	note 349
350	jpn 350	vie 350	note 350
351	jpn 351	vie 351	note 351
352	jpn 352	vie 352	note 352
353	jpn 353	vie 353	note 353
354	jpn 354	vie 354	note 354
355	jpn 355	vie 355	note 355
356	jpn 356	vie 356	note 356
357	jpn 357	vie 357	note 357
358	jpn 358	vie 358	note 358
359	jpn 359	vie 359	note 359
360	jpn 360	vie 360	note 360
361	jpn 361	vie 361	note 361
362	jpn 362	vie 362	note 362
363	jpn 363	vie 363	note 363
364	jpn 364	vie 364	note 364
365	jpn 365	vie 365	note 365
366	jpn 366	vie 366	note 366
367	jpn 367	vie 367	note 367
368	jpn 368	vie 368	note 368
369	jpn 369	vie 369	note 369
370	jpn 370	vie 370	note 370
371	jpn 371	vie 371	note 371
372	jpn 372	vie 372	note 372
373	jpn 373	vie 373	note 373
374	jpn 374	vie 374	note 374
375	jpn 375	vie 375	note 375
376	jpn 376	vie 376	note 376
377	jpn 377	vie 377	note 377
378	jpn 378	vie 378	note 378
379	jpn 379	vie 379	note 379
380	jpn 380	vie 380	note 380
381	jpn 381	vie 381	note 381
382	jpn 382	vie 382	note 382
383	jpn 383	vie 383	note 383
384	jpn 384	vie 384	note 384
385	jpn 385	vie 385	note 385
386	jpn 386	vie 386	note 386
387	jpn 387	vie 387	note 387
388	jpn 388	vie 388	note 388
389	jpn 389	vie 389	note 389
390	jpn 390	vie 390	note 390
391	jpn 391	vie 391	note 391
392	jpn 392	vie 392	note 392
393	jpn 393	vie 393	note 393
394	jpn 394	vie 394	note 394
395	jpn 395	vie 395	note 395
396	jpn 396	vie 396	note 396
397	jpn 397	vie 397	note 397
398	jpn 398	vie 398	note 398
399	jpn 399	vie 399	note 399
400	jpn 400	vie 400	note 400
401	jpn 401	vie 401	note 401
402	jpn 402	vie 402	note 402
403	jpn 403	vie 403	note 403
404	jpn 404	vie 404	note 404
405	jpn 405	vie 405	note 405
406	jpn 406	vie 406	note 406
407	jpn 407	vie 407	note 407
408	jpn 408	vie 408	note 408
409	jpn 409	vie 409	note 409
410	jpn 410	vie 410	note 410
411	jpn 411	vie 411	note 411
412	jpn 412	vie 412	note 412
413	jpn 413	vie 413	note 413
414	jpn 414	vie 414	note 414
415	jpn 415	vie 415	note 415
416	jpn 416	vie 416	note 416
417	jpn 417	vie 417	note 417
418	jpn 418	vie 418	note 418
419	jpn 419	vie 419	note 419
420	jpn 420	vie 420	note 420
421	jpn 421	vie 421	note 421
422	jpn 422	vie 422	note 422
423	jpn 423	vie 423	note 423
424	jpn 424	vie 424	note 424
425	jpn 425	vie 425	note 425
426	jpn 426	vie 426	note 426
427	jpn 427	vie 427	note 427
428	jpn 428	vie 428	note 428
429	jpn 429	vie 429	note 429
430	jpn 430	vie 430	note 430
431	jpn 431	vie 431	note 431
432	jpn 432	vie 432	note 432
433	jpn 433	vie 433	note 433
434	jpn 434	vie 434	note 434
435	jpn 435	vie 435	note 435
436	jpn 436	vie 436	note 436
437	jpn 437	vie 437	note 437
438	jpn 438	vie 438	note 438
439	jpn 439	vie 439	note 439
440	jpn 440	vie 440	note 440
441	jpn 441	vie 441	note 441
442	jpn 442	vie 442	note 442
443	jpn 443	vie 443	note 443
444	jpn 444	vie 444	note 444
445	jpn 445	vie 445	note 445
446	jpn 446	vie 446	note 446
447	jpn 447	vie 447	note 447
448	jpn 448	vie 448	note 448
449	jpn 449	vie 449	note 449
450	jpn 450	vie 450	note 450
451	jpn 451	vie 451	note 451
452	jpn 452	vie 452	note 452
453	jpn 453	vie 453	note 453
454	jpn 454	vie 454	note 454
455	jpn 455	vie 455	note 455
456	jpn 456	vie 456	note 456
457	jpn 457	vie 457	note 457
458	jpn 458	vie 458	note 458
459	jpn 459	vie 459	note 459
460	jpn 460	vie 460	note 460
461	jpn 461	vie 461	note 461
462	jpn 462	vie 462	note 462
463	jpn 463	vie 463	note 463
464	jpn 464	vie 464	note 464
465	jpn 465	vie 465	note 465
466	jpn 466	vie 466	note 466
467	jpn 467	vie 467	note 467
468	jpn 468	vie 468	note 468
469	jpn 469	vie 469	note 469
470	jpn 470	vie 470	note 470
471	jpn 471	vie 471	note 471
472	jpn 472	vie 472	note 472
473	jpn 473	vie 473	note 473
474	jpn 474	vie 474	note 474
475	jpn 475	vie 475	note 475
476	jpn 476	vie 476	note 476
477	jpn 477	vie 477	note 477
478	jpn 478	vie 478	note 478
479	jpn 479	vie 479	note 479
480	jpn 480	vie 480	note 480
481	jpn 481	vie 481	note 481
482	jpn 482	vie 482	note 482
483	jpn 483	vie 483	note 483
484	jpn 484	vie 484	note 484
485	jpn 485	vie 485	note 485
486	jpn 486	vie 486	note 486
487	jpn 487	vie 487	note 487
488	jpn 488	vie 488	note 488
489	jpn 489	vie 489	note 489
490	jpn 490	vie 490	note 490
491	jpn 491	vie 491	note 491
492	jpn 492	vie 492	note 492
493	jpn 493	vie 493	note 493
494	jpn 494	vie 494	note 494
495	jpn 495	vie 495	note 495
496	jpn 496	vie 496	note 496
497	jpn 497	vie 497	note 497
498	jpn 498	vie 498	note 498
499	jpn 499	vie 499	note 499
500	jpn 500	vie 500	note 500
501	jpn 501	vie 501	note 501
502	jpn 502	vie 502	note 502
503	jpn 503	vie 503	note 503
504	jpn 504	vie 504	note 504
505	jpn 505	vie 505	note 505
506	jpn 506	vie 506	note 506
507	jpn 507	vie 507	note 507
508	jpn 508	vie 508	note 508
509	jpn 509	vie 509	note 509
510	jpn 510	vie 510	note 510
511	jpn 511	vie 511	note 511
512	jpn 512	vie 512	note 512
513	jpn 513	vie 513	note 513
514	jpn 514	vie 514	note 514
515	jpn 515	vie 515	note 515
516	jpn 516	vie 516	note 516
517	jpn 517	vie 517	note 517
518	jpn 518	vie 518	note 518
519	jpn 519	vie 519	note 519
520	jpn 520	vie 520	note 520
521	jpn 521	vie 521	note 521
522	jpn 522	vie 522	note 522
523	jpn 523	vie 523	note 523
524	jpn 524	vie 524	note 524
525	jpn 525	vie 525	note 525
526	jpn 526	vie 526	note 526
527	jpn 527	vie 527	note 527
528	jpn 528	vie 528	note 528
529	jpn 529	vie 529	note 529
530	jpn 530	vie 530	note 530
531	jpn 531	vie 531	note 531
532	jpn 532	vie 532	note 532
533	jpn 533	vie 533	note 533
534	jpn 534	vie 534	note 534
535	jpn 535	vie 535	note 535
536	jpn 536	vie 536	note 536
537	jpn 537	vie 537	note 537
538	jpn 538	vie 538	note 538
539	jpn 539	vie 539	note 539
540	jpn 540	vie 540	note 540
541	jpn 541	vie 541	note 541
542	jpn 542	vie 542	note 542
543	jpn 543	vie 543	note 543
544	jpn 544	vie 544	note 544
545	jpn 545	vie 545	note 545
546	jpn 546	vie 546	note 546
547	jpn 547	vie 547	note 547
548	jpn 548	vie 548	note 548
549	jpn 549	vie 549	note 549
550	jpn 550	vie 550	note 550
551	jpn 551	vie 551	note 551
552	jpn 552	vie 552	note 552
553	jpn 553	vie 553	note 553
554	jpn 554	vie 554	note 554
555	jpn 555	vie 555	note 555
556	jpn 556	vie 556	note 556
557	jpn 557	vie 557	note 557
558	jpn 558	vie 558	note 558
559	jpn 559	vie 559	note 559
560	jpn 560	vie 560	note 560
561	jpn 561	vie 561	note 561
562	jpn 562	vie 562	note 562
563	jpn 563	vie 563	note 563
564	jpn 564	vie 564	note 564
565	jpn 565	vie 565	note 565
566	jpn 566	vie 566	note 566
567	jpn 567	vie 567	note 567
568	jpn 568	vie 568	note 568
569	jpn 569	vie 569	note 569
570	jpn 570	vie 570	note 570
571	jpn 571	vie 571	note 571
572	jpn 572	vie 572	note 572
573	jpn 573	vie 573	note 573
574	jpn 574	vie 574	note 574
575	jpn 575	vie 575	note 575
576	jpn 576	vie 576	note 576
577	jpn 577	vie 577	note 577
578	jpn 578	vie 578	note 578
579	jpn 579	vie 579	note 579
580	jpn 580	vie 580	note 580
581	jpn 581	vie 581	note 581
582	jpn 582	vie 582	note 582
583	jpn 583	vie 583	note 583
584	jpn 584	vie 584	note 584
585	jpn 585	vie 585	note 585
586	jpn 586	vie 586	note 586
587	jpn 587	vie 587	note 587
588	jpn 588	vie 588	note 588
589	jpn 589	vie 589	note 589
590	jpn 590	vie 590	note 590
591	jpn 591	vie 591	note 591
592	jpn 592	vie 592	note 592
593	jpn 593	vie 593	note 593
594	jpn 594	vie 594	note 594
595	jpn 595	vie 595	note 595
596	jpn 596	vie 596	note 596
597	jpn 597	vie 597	note 597
598	jpn 598	vie 598	note 598
599	jpn 599	vie 599	note 599
600	jpn 600	vie 600	note 600
601	jpn 601	vie 601	note 601
602	jpn 602	vie 602	note 602
603	jpn 603	vie 603	note 603
604	jpn 604	vie 604	note 604
605	jpn 605	vie 605	note 605
606	jpn 606	vie 606	note 606
607	jpn 607	vie 607	note 607
608	jpn 608	vie 608	note 608
609	jpn 609	vie 609	note 609
610	jpn 610	vie 610	note 610
611	jpn 611	vie 611	note 611
612	jpn 612	vie 612	note 612
613	jpn 613	vie 613	note 613
614	jpn 614	vie 614	note 614
615	jpn 615	vie 615	note 615
616	jpn 616	vie 616	note 616
617	jpn 617	vie 617	note 617
618	jpn 618	vie 618	note 618
619	jpn 619	vie 619	note 619
620	jpn 620	vie 620	note 620
621	jpn 621	vie 621	note 621
622	jpn 622	vie 622	note 622
623	jpn 623	vie 623	note 623
624	jpn 624	vie 624	note 624
625	jpn 625	vie 625	note 625
626	jpn 626	vie 626	note 626
627	jpn 627	vie 627	note 627
628	jpn 628	vie 628	note 628
629	jpn 629	vie 629	note 629
630	jpn 630	vie 630	note 630
631	jpn 631	vie 631	note 631
632	jpn 632	vie 632	note 632
633	jpn 633	vie 633	note 633
634	jpn 634	vie 634	note 634
635	jpn 635	vie 635	note 635
636	jpn 636	vie 636	note 636
637	jpn 637	vie 637	note 637
638	jpn 638	vie 638	note 638
639	jpn 639	vie 639	note 639
640	jpn 640	vie 640	note 640
641	jpn 641	vie 641	note 641
642	jpn 642	vie 642	note 642
643	jpn 643	vie 643	note 643
644	jpn 644	vie 644	note 644
645	jpn 645	vie 645	note 645
646	jpn 646	vie 646	note 646
647	jpn 647	vie 647	note 647
648	jpn 648	vie 648	note 648
649	jpn 649	vie 649	note 649
650	jpn 650	vie 650	note 650
651	jpn 651	vie 651	note 651
652	jpn 652	vie 652	note 652
653	jpn 653	vie 653	note 653
654	jpn 654	vie 654	note 654
655	jpn 655	vie 655	note 655
656	jpn 656	vie 656	note 656
657	jpn 657	vie 657	note 657
658	jpn 658	vie 658	note 658
659	jpn 659	vie 659	note 659
660	jpn 660	vie 660	note 660
661	jpn 661	vie 661	note 661
662	jpn 662	vie 662	note 662
663	jpn 663	vie 663	note 663
664	jpn 664	vie 664	note 664
665	jpn 665	vie 665	note 665
666	jpn 666	vie 666	note 666
667	jpn 667	vie 667	note 667
668	jpn 668	vie 668	note 668
669	jpn 669	vie 669	note 669
670	jpn 670	vie 670	note 670
671	jpn 671	vie 671	note 671
672	jpn 672	vie 672	note 672
673	jpn 673	vie 673	note 673
674	jpn 674	vie 674	note 674
675	jpn 675	vie 675	note 675
676	jpn 676	vie 676	note 676
677	jpn 677	vie 677	note 677
678	jpn 678	vie 678	note 678
679	jpn 679	vie 679	note 679
680	jpn 680	vie 680	note 680
681	jpn 681	vie 681	note 681
682	jpn 682	vie 682	note 682
683	jpn 683	vie 683	note 683
684	jpn 684	vie 684	note 684
685	jpn 685	vie 685	note 685
686	jpn 686	vie 686	note 686
687	jpn 687	vie 687	note 687
688	jpn 688	vie 688	note 688
689	jpn 689	vie 689	note 689
690	jpn 690	vie 690	note 690
691	jpn 691	vie 691	note 691
692	jpn 692	vie 692	note 692
693	jpn 693	vie 693	note 693
694	jpn 694	vie 694	note 694
695	jpn 695	vie 695	note 695
696	jpn 696	vie 696	note 696
697	jpn 697	vie 697	note 697
698	jpn 698	vie 698	note 698
699	jpn 699	vie 699	note 699
700	jpn 700	vie 700	note 700
701	jpn 701	vie 701	note 701
702	jpn 702	vie 702	note 702
703	jpn 703	vie 703	note 703
704	jpn 704	vie 704	note 704
705	jpn 705	vie 705	note 705
706	jpn 706	vie 706	note 706
707	jpn 707	vie 707	note 707
708	jpn 708	vie 708	note 708
709	jpn 709	vie 709	note 709
710	jpn 710	vie 710	note 710
711	jpn 711	vie 711	note 711
712	jpn 712	vie 712	note 712
713	jpn 713	vie 713	note 713
714	jpn 714	vie 714	note 714
715	jpn 715	vie 715	note 715
716	jpn 716	vie 716	note 716
717	jpn 717	vie 717	note 717
718	jpn 718	vie 718	note 718
719	jpn 719	vie 719	note 719
720	jpn 720	vie 720	note 720
721	jpn 721	vie 721	note 721
722	jpn 722	vie 722	note 722
723	jpn 723	vie 723	note 723
724	jpn 724	vie 724	note 724
725	jpn 725	vie 725	note 725
726	jpn 726	vie 726	note 726
727	jpn 727	vie 727	note 727
728	jpn 728	vie 728	note 728
729	jpn 729	vie 729	note 729
730	jpn 730	vie 730	note 730
731	jpn 731	vie 731	note 731
732	jpn 732	vie 732	note 732
733	jpn 733	vie 733	note 733
734	jpn 734	vie 734	note 734
735	jpn 735	vie 735	note 735
736	jpn 736	vie 736	note 736
737	jpn 737	vie 737	note 737
738	jpn 738	vie 738	note 738
739	jpn 739	vie 739	note 739
740	jpn 740	vie 740	note 740
741	jpn 741	vie 741	note 741
742	jpn 742	vie 742	note 742
743	jpn 743	vie 743	note 743
744	jpn 744	vie 744	note 744
745	jpn 745	vie 745	note 745
746	jpn 746	vie 746	note 746
747	jpn 747	vie 747	note 747
748	jpn 748	vie 748	note 748
749	jpn 749	vie 749	note 749
750	jpn 750	vie 750	note 750
751	jpn 751	vie 751	note 751
752	jpn 752	vie 752	note 752
753	jpn 753	vie 753	note 753
754	jpn 754	vie 754	note 754
755	jpn 755	vie 755	note 755
756	jpn 756	vie 756	note 756
757	jpn 757	vie 757	note 757
758	jpn 758	vie 758	note 758
759	jpn 759	vie 759	note 759
760	jpn 760	vie 760	note 760
761	jpn 761	vie 761	note 761
762	jpn 762	vie 762	note 762
763	jpn 763	vie 763	note 763
764	jpn 764	vie 764	note 764
765	jpn 765	vie 765	note 765
766	jpn 766	vie 766	note 766
767	jpn 767	vie 767	note 767
768	jpn 768	vie 768	note 768
769	jpn 769	vie 769	note 769
770	jpn 770	vie 770	note 770
771	jpn 771	vie 771	note 771
772	jpn 772	vie 772	note 772
773	jpn 773	vie 773	note 773
774	jpn 774	vie 774	note 774
775	jpn 775	vie 775	note 775
776	jpn 776	vie 776	note 776
777	jpn 777	vie 777	note 777
778	jpn 778	vie 778	note 778
779	jpn 779	vie 779	note 779
780	jpn 780	vie 780	note 780
781	jpn 781	vie 781	note 781
782	jpn 782	vie 782	note 782
783	jpn 783	vie 783	note 783
784	jpn 784	vie 784	note 784
785	jpn 785	vie 785	note 785
786	jpn 786	vie 786	note 786
787	jpn 787	vie 787	note 787
788	jpn 788	vie 788	note 788
789	jpn 789	vie 789	note 789
790	jpn 790	vie 790	note 790
791	jpn 791	vie 791	note 791
792	jpn 792	vie 792	note 792
793	jpn 793	vie 793	note 793
794	jpn 794	vie 794	note 794
795	jpn 795	vie 795	note 795
796	jpn 796	vie 796	note 796
797	jpn 797	vie 797	note 797
798	jpn 798	vie 798	note 798
799	jpn 799	vie 799	note 799
800	jpn 800	vie 800	note 800
801	jpn 801	vie 801	note 801
802	jpn 802	vie 802	note 802
803	jpn 803	vie 803	note 803
804	jpn 804	vie 804	note 804
805	jpn 805	vie 805	note 805
806	jpn 806	vie 806	note 806
807	jpn 807	vie 807	note 807
808	jpn 808	vie 808	note 808
809	jpn 809	vie 809	note 809
810	jpn 810	vie 810	note 810
811	jpn 811	vie 811	note 811
812	jpn 812	vie 812	note 812
813	jpn 813	vie 813	note 813
814	jpn 814	vie 814	note 814
815	jpn 815	vie 815	note 815
816	jpn 816	vie 816	note 816
817	jpn 817	vie 817	note 817
818	jpn 818	vie 818	note 818
819	jpn 819	vie 819	note 819
820	jpn 820	vie 820	note 820
821	jpn 821	vie 821	note 821
822	jpn 822	vie 822	note 822
823	jpn 823	vie 823	note 823
824	jpn 824	vie 824	note 824
825	jpn 825	vie 825	note 825
826	jpn 826	vie 826	note 826
827	jpn 827	vie 827	note 827
828	jpn 828	vie 828	note 828
829	jpn 829	vie 829	note 829
830	jpn 830	vie 830	note 830
831	jpn 831	vie 831	note 831
832	jpn 832	vie 832	note 832
833	jpn 833	vie 833	note 833
834	jpn 834	vie 834	note 834
835	jpn 835	vie 835	note 835
836	jpn 836	vie 836	note 836
837	jpn 837	vie 837	note 837
838	jpn 838	vie 838	note 838
839	jpn 839	vie 839	note 839
840	jpn 840	vie 840	note 840
841	jpn 841	vie 841	note 841
842	jpn 842	vie 842	note 842
843	jpn 843	vie 843	note 843
844	jpn 844	vie 844	note 844
845	jpn 845	vie 845	note 845
846	jpn 846	vie 846	note 846
847	jpn 847	vie 847	note 847
848	jpn 848	vie 848	note 848
849	jpn 849	vie 849	note 849
850	jpn 850	vie 850	note 850
851	jpn 851	vie 851	note 851
852	jpn 852	vie 852	note 852
853	jpn 853	vie 853	note 853
854	jpn 854	vie 854	note 854
855	jpn 855	vie 855	note 855
856	jpn 856	vie 856	note 856
857	jpn 857	vie 857	note 857
858	jpn 858	vie 858	note 858
859	jpn 859	vie 859	note 859
860	jpn 860	vie 860	note 860
861	jpn 861	vie 861	note 861
862	jpn 862	vie 862	note 862
863	jpn 863	vie 863	note 863
864	jpn 864	vie 864	note 864
865	jpn 865	vie 865	note 865
866	jpn 866	vie 866	note 866
867	jpn 867	vie 867	note 867
868	jpn 868	vie 868	note 868
869	jpn 869	vie 869	note 869
870	jpn 870	vie 870	note 870
871	jpn 871	vie 871	note 871
872	jpn 872	vie 872	note 872
873	jpn 873	vie 873	note 873
874	jpn 874	vie 874	note 874
875	jpn 875	vie 875	note 875
876	jpn 876	vie 876	note 876
877	jpn 877	vie 877	note 877
878	jpn 878	vie 878	note 878
879	jpn 879	vie 879	note 879
880	jpn 880	vie 880	note 880
881	jpn 881	vie 881	note 881
882	jpn 882	vie 882	note 882
883	jpn 883	vie 883	note 883
884	jpn 884	vie 884	note 884
885	jpn 885	vie 885	note 885
886	jpn 886	vie 886	note 886
887	jpn 887	vie 887	note 887
888	jpn 888	vie 888	note 888
889	jpn 889	vie 889	note 889
890	jpn 890	vie 890	note 890
891	jpn 891	vie 891	note 891
892	jpn 892	vie 892	note 892
893	jpn 893	vie 893	note 893
894	jpn 894	vie 894	note 894
895	jpn 895	vie 895	note 895
896	jpn 896	vie 896	note 896
897	jpn 897	vie 897	note 897
898	jpn 898	vie 898	note 898
899	jpn 899	vie 899	note 899
900	jpn 900	vie 900	note 900
901	jpn 901	vie 901	note 901
902	jpn 902	vie 902	note 902
903	jpn 903	vie 903	note 903
904	jpn 904	vie 904	note 904
905	jpn 905	vie 905	note 905
906	jpn 906	vie 906	note 906
907	jpn 907	vie 907	note 907
908	jpn 908	vie 908	note 908
909	jpn 909	vie 909	note 909
910	jpn 910	vie 910	note 910
911	jpn 911	vie 911	note 911
912	jpn 912	vie 912	note 912
913	jpn 913	vie 913	note 913
914	jpn 914	vie 914	note 914
915	jpn 915	vie 915	note 915
916	jpn 916	vie 916	note 916
917	jpn 917	vie 917	note 917
918	jpn 918	vie 918	note 918
919	jpn 919	vie 919	note 919
920	jpn 920	vie 920	note 920
921	jpn 921	vie 921	note 921
922	jpn 922	vie 922	note 922
923	jpn 923	vie 923	note 923
924	jpn 924	vie 924	note 924
925	jpn 925	vie 925	note 925
926	jpn 926	vie 926	note 926
927	jpn 927	vie 927	note 927
928	jpn 928	vie 928	note 928
929	jpn 929	vie 929	note 929
930	jpn 930	vie 930	note 930
931	jpn 931	vie 931	note 931
932	jpn 932	vie 932	note 932
933	jpn 933	vie 933	note 933
934	jpn 934	vie 934	note 934
935	jpn 935	vie 935	note 935
936	jpn 936	vie 936	note 936
937	jpn 937	vie 937	note 937
938	jpn 938	vie 938	note 938
939	jpn 939	vie 939	note 939
940	jpn 940	vie 940	note 940
941	jpn 941	vie 941	note 941
942	jpn 942	vie 942	note 942
943	jpn 943	vie 943	note 943
944	jpn 944	vie 944	note 944
945	jpn 945	vie 945	note 945
946	jpn 946	vie 946	note 946
947	jpn 947	vie 947	note 947
948	jpn 948	vie 948	note 948
949	jpn 949	vie 949	note 949
950	jpn 950	vie 950	note 950
951	jpn 951	vie 951	note 951
952	jpn 952	vie 952	note 952
953	jpn 953	vie 953	note 953
954	jpn 954	vie 954	note 954
955	jpn 955	vie 955	note 955
956	jpn 956	vie 956	note 956
957	jpn 957	vie 957	note 957
958	jpn 958	vie 958	note 958
959	jpn 959	vie 959	note 959
960	jpn 960	vie 960	note 960
961	jpn 961	vie 961	note 961
962	jpn 962	vie 962	note 962
963	jpn 963	vie 963	note 963
964	jpn 964	vie 964	note 964
965	jpn 965	vie 965	note 965
966	jpn 966	vie 966	note 966
967	jpn 967	vie 967	note 967
968	jpn 968	vie 968	note 968
969	jpn 969	vie 969	note 969
970	jpn 970	vie 970	note 970
971	jpn 971	vie 971	note 971
972	jpn 972	vie 972	note 972
973	jpn 973	vie 973	note 973
974	jpn 974	vie 974	note 974
975	jpn 975	vie 975	note 975
976	jpn 976	vie 976	note 976
977	jpn 977	vie 977	note 977
978	jpn 978	vie 978	note 978
979	jpn 979	vie 979	note 979
980	jpn 980	vie 980	note 980
981	jpn 981	vie 981	note 981
982	jpn 982	vie 982	note 982
983	jpn 983	vie 983	note 983
984	jpn 984	vie 984	note 984
985	jpn 985	vie 985	note 985
986	jpn 986	vie 986	note 986
987	jpn 987	vie 987	note 987
988	jpn 988	vie 988	note 988
989	jpn 989	vie 989	note 989
990	jpn 990	vie 990	note 990
991	jpn 991	vie 991	note 991
992	jpn 992	vie 992	note 992
993	jpn 993	vie 993	note 993
994	jpn 994	vie 994	note 994
995	jpn 995	vie 995	note 995
996	jpn 996	vie 996	note 996
997	jpn 997	vie 997	note 997
998	jpn 998	vie 998	note 998
999	jpn 999	vie 999	note 999
1000	jpn 1000	vie 1000	note 1000